Metric,Value
Accuracy,0.8448704949764956
Precision,0.850085148931481
Recall,0.8448704949764956
F1 Score,0.8451019503750015
