Metric,Value
Accuracy,0.855470550281132
Precision,0.8573724937364471
Recall,0.855470550281132
F1 Score,0.8552457424973937
